timestamp,from_id,rssi,snr,portnum
2026-09-06T19:43:12.984846,!cae6820e,-43,6.5,RANGE_TEST_APP
2026-09-06T19:43:19.233362,!05c8b12b,-45,5.75,RANGE_TEST_APP
2026-09-06T19:43:22.848462,!d1da85e4,-32,6.5,RANGE_TEST_APP
2026-09-06T19:43:23.936465,!f96f5903,-50,6.25,RANGE_TEST_APP
2026-09-06T19:43:28.102052,!cae6820e,-44,5.75,RANGE_TEST_APP
2026-09-06T19:43:38.216483,!d1da85e4,-33,6.25,RANGE_TEST_APP
2026-09-06T19:43:39.061890,!f96f5903,-49,6.5,RANGE_TEST_APP
2026-09-06T19:43:43.234119,!cae6820e,-42,6.25,RANGE_TEST_APP
2026-09-06T19:43:49.363446,!05c8b12b,-49,6.25,RANGE_TEST_APP
2026-09-06T19:43:52.906248,!d1da85e4,-35,6.5,RANGE_TEST_APP
2026-09-06T19:43:54.303264,!f96f5903,-50,6.25,RANGE_TEST_APP
2026-09-06T19:43:58.341148,!cae6820e,-42,6.25,RANGE_TEST_APP
2026-09-06T19:44:04.544315,!05c8b12b,-49,5.75,RANGE_TEST_APP
2026-09-06T19:44:08.037705,!d1da85e4,-32,6.25,RANGE_TEST_APP
2026-09-06T19:44:09.218880,!f96f5903,-54,6.25,RANGE_TEST_APP
2026-09-06T19:44:13.385682,!cae6820e,-40,5.75,RANGE_TEST_APP
2026-09-06T19:44:19.650923,!05c8b12b,-46,6.5,RANGE_TEST_APP
2026-09-06T19:44:23.207337,!d1da85e4,-31,6.25,RANGE_TEST_APP
2026-09-06T19:44:24.403878,!f96f5903,-54,6.25,RANGE_TEST_APP
2026-09-06T19:44:28.490710,!cae6820e,-40,7.25,RANGE_TEST_APP
2026-09-06T19:44:34.671265,!05c8b12b,-50,6.0,RANGE_TEST_APP
2026-09-06T19:44:38.221917,!d1da85e4,-38,6.0,RANGE_TEST_APP
2026-09-06T19:44:39.484456,!f96f5903,-55,6.25,RANGE_TEST_APP
2026-09-06T19:44:44.016931,!cae6820e,-25,6.5,RANGE_TEST_APP
2026-09-06T19:44:49.859709,!05c8b12b,-55,6.25,RANGE_TEST_APP
2026-09-06T19:44:53.357773,!d1da85e4,-68,5.75,RANGE_TEST_APP
2026-09-06T19:44:54.586745,!f96f5903,-81,5.5,RANGE_TEST_APP
2026-09-06T19:44:58.754991,!cae6820e,-70,6.25,RANGE_TEST_APP
2026-09-06T19:45:04.968253,!05c8b12b,-72,7.5,RANGE_TEST_APP
2026-09-06T19:45:08.460255,!d1da85e4,-69,6.25,RANGE_TEST_APP
2026-09-06T19:45:09.744480,!f96f5903,-79,6.0,RANGE_TEST_APP
2026-09-06T19:45:13.877913,!cae6820e,-85,5.75,RANGE_TEST_APP
2026-09-06T19:45:20.159208,!05c8b12b,-69,5.75,RANGE_TEST_APP
2026-09-06T19:45:23.627791,!d1da85e4,-72,7.0,RANGE_TEST_APP
2026-09-06T19:45:24.854361,!f96f5903,-64,6.5,RANGE_TEST_APP
2026-09-06T19:45:29.173676,!cae6820e,-55,6.25,RANGE_TEST_APP
2026-09-06T19:45:35.181192,!05c8b12b,-74,6.25,RANGE_TEST_APP
2026-09-06T19:45:38.836387,!d1da85e4,-73,6.5,RANGE_TEST_APP
2026-09-06T19:45:39.911313,!f96f5903,-81,6.5,RANGE_TEST_APP
2026-09-06T19:45:44.233347,!cae6820e,-77,5.75,RANGE_TEST_APP
2026-09-06T19:45:50.373475,!05c8b12b,-76,5.75,RANGE_TEST_APP
2026-09-06T19:45:53.884739,!d1da85e4,-72,6.75,RANGE_TEST_APP
2026-09-06T19:45:55.023148,!f96f5903,-81,6.25,RANGE_TEST_APP
2026-09-06T19:45:59.467104,!cae6820e,-74,6.5,RANGE_TEST_APP
2026-09-06T19:46:05.287579,!05c8b12b,-77,5.75,RANGE_TEST_APP
2026-09-06T19:46:08.905274,!d1da85e4,-71,5.75,RANGE_TEST_APP
2026-09-06T19:46:10.086131,!f96f5903,-79,5.75,RANGE_TEST_APP
2026-09-06T19:46:14.697802,!cae6820e,-75,7.0,RANGE_TEST_APP
2026-09-06T19:46:20.453116,!05c8b12b,-79,6.0,RANGE_TEST_APP
2026-09-06T19:46:24.010807,!d1da85e4,-74,6.0,RANGE_TEST_APP
2026-09-06T19:46:25.332966,!f96f5903,-81,6.25,RANGE_TEST_APP
2026-09-06T19:46:29.975812,!cae6820e,-76,6.5,RANGE_TEST_APP
2026-09-06T19:46:35.693284,!05c8b12b,-79,6.25,RANGE_TEST_APP
2026-09-06T19:46:39.198985,!d1da85e4,-72,6.0,RANGE_TEST_APP
2026-09-06T19:46:40.353794,!f96f5903,-83,5.75,RANGE_TEST_APP
2026-09-06T19:46:44.674925,!cae6820e,-74,6.5,RANGE_TEST_APP
2026-09-06T19:46:50.685732,!05c8b12b,-79,6.25,RANGE_TEST_APP
2026-09-06T19:46:54.330670,!d1da85e4,-69,6.25,RANGE_TEST_APP
2026-09-06T19:46:55.485627,!f96f5903,-83,6.0,RANGE_TEST_APP
2026-09-06T19:46:59.899338,!cae6820e,-76,6.25,RANGE_TEST_APP
2026-09-06T19:47:05.850219,!05c8b12b,-78,6.0,RANGE_TEST_APP
2026-09-06T19:47:09.274969,!d1da85e4,-70,6.0,RANGE_TEST_APP
2026-09-06T19:47:10.537402,!f96f5903,-83,7.0,RANGE_TEST_APP
2026-09-06T19:47:15.275958,!cae6820e,-76,6.0,RANGE_TEST_APP
2026-09-06T19:47:20.928052,!05c8b12b,-79,6.0,RANGE_TEST_APP
2026-09-06T19:47:24.822663,!d1da85e4,-74,6.25,RANGE_TEST_APP
2026-09-06T19:47:25.815232,!f96f5903,-80,6.0,RANGE_TEST_APP
2026-09-06T19:47:30.170474,!cae6820e,-74,7.0,RANGE_TEST_APP
2026-09-06T19:47:35.959758,!05c8b12b,-78,5.75,RANGE_TEST_APP
2026-09-06T19:47:39.612051,!d1da85e4,-75,7.5,RANGE_TEST_APP
2026-09-06T19:47:40.802522,!f96f5903,-82,6.25,RANGE_TEST_APP
2026-09-06T19:55:08.164307,!d1da85e4,-73,6.25,RANGE_TEST_APP
2026-09-06T19:55:09.096812,!05c8b12b,-78,6.25,RANGE_TEST_APP
2026-09-06T19:55:13.167512,!cae6820e,-82,6.0,RANGE_TEST_APP
2026-09-06T19:55:14.006114,!f96f5903,-81,6.5,RANGE_TEST_APP
2026-09-06T19:55:23.207281,!d1da85e4,-76,6.0,RANGE_TEST_APP
2026-09-06T19:55:24.232128,!05c8b12b,-77,5.5,RANGE_TEST_APP
2026-09-06T19:55:28.173998,!cae6820e,-81,6.25,RANGE_TEST_APP
2026-09-06T19:55:29.254842,!f96f5903,-81,6.5,RANGE_TEST_APP
2026-09-06T19:55:38.349998,!d1da85e4,-72,6.0,RANGE_TEST_APP
2026-09-06T19:55:39.340513,!05c8b12b,-75,6.25,RANGE_TEST_APP
2026-09-06T19:55:43.326430,!cae6820e,-78,5.75,RANGE_TEST_APP
2026-09-06T19:55:44.303588,!f96f5903,-82,5.75,RANGE_TEST_APP
2026-09-06T19:55:53.315458,!d1da85e4,-72,5.75,RANGE_TEST_APP
2026-09-06T19:55:54.398410,!05c8b12b,-77,6.0,RANGE_TEST_APP
2026-09-06T19:55:58.544877,!cae6820e,-82,6.0,RANGE_TEST_APP
2026-09-06T19:55:59.414134,!f96f5903,-81,6.25,RANGE_TEST_APP
2026-09-06T19:56:08.467504,!d1da85e4,-74,6.0,RANGE_TEST_APP
2026-09-06T19:56:09.531097,!05c8b12b,-78,5.75,RANGE_TEST_APP
2026-09-06T19:56:13.663348,!cae6820e,-80,5.75,RANGE_TEST_APP
2026-09-06T19:56:14.619801,!f96f5903,-80,6.25,RANGE_TEST_APP
2026-09-06T19:56:23.597649,!d1da85e4,-74,6.0,RANGE_TEST_APP
2026-09-06T19:56:24.604212,!05c8b12b,-77,6.5,RANGE_TEST_APP
2026-09-06T19:56:28.906120,!cae6820e,-84,6.25,RANGE_TEST_APP
2026-09-06T19:56:29.698883,!f96f5903,-81,6.0,RANGE_TEST_APP
2026-09-06T19:56:38.788774,!d1da85e4,-73,6.5,RANGE_TEST_APP
2026-09-06T19:56:39.959104,!05c8b12b,-80,6.0,RANGE_TEST_APP
2026-09-06T19:56:43.876636,!cae6820e,-85,6.25,RANGE_TEST_APP
2026-09-06T19:56:44.838066,!f96f5903,-79,6.25,RANGE_TEST_APP
2026-09-06T19:56:53.833542,!d1da85e4,-74,6.0,RANGE_TEST_APP
2026-09-06T19:56:54.800424,!05c8b12b,-81,5.75,RANGE_TEST_APP
2026-09-06T19:56:58.878433,!cae6820e,-84,6.0,RANGE_TEST_APP
2026-09-06T19:56:59.944074,!f96f5903,-79,6.25,RANGE_TEST_APP
2026-09-06T19:57:08.909780,!d1da85e4,-72,5.5,RANGE_TEST_APP
2026-09-06T19:57:10.217555,!05c8b12b,-80,6.25,RANGE_TEST_APP
2026-09-06T19:57:14.218734,!cae6820e,-92,5.0,RANGE_TEST_APP
2026-09-06T19:57:15.080389,!f96f5903,-80,6.5,RANGE_TEST_APP
2026-09-06T19:57:23.931940,!d1da85e4,-56,6.0,RANGE_TEST_APP
2026-09-06T19:57:25.170748,!05c8b12b,-65,6.25,RANGE_TEST_APP
2026-09-06T19:57:29.328778,!cae6820e,-71,5.75,RANGE_TEST_APP
2026-09-06T19:57:30.328413,!f96f5903,-62,6.25,RANGE_TEST_APP
2026-09-06T19:57:39.102468,!d1da85e4,-76,6.0,RANGE_TEST_APP
2026-09-06T19:57:40.248631,!05c8b12b,-66,6.5,RANGE_TEST_APP
2026-09-06T19:57:44.159343,!cae6820e,-80,6.75,RANGE_TEST_APP
2026-09-06T19:57:45.267698,!f96f5903,-68,6.0,RANGE_TEST_APP
2026-09-06T19:57:54.124467,!d1da85e4,-73,6.25,RANGE_TEST_APP
2026-09-06T19:57:55.296072,!05c8b12b,-69,6.25,RANGE_TEST_APP
2026-09-06T19:57:59.878050,!cae6820e,-81,6.5,RANGE_TEST_APP
2026-09-06T19:58:00.584635,!f96f5903,-67,6.25,RANGE_TEST_APP
2026-09-06T19:58:10.435267,!05c8b12b,-80,6.0,RANGE_TEST_APP
2026-09-06T19:58:14.606204,!cae6820e,-73,6.25,RANGE_TEST_APP
2026-09-06T19:58:15.541285,!f96f5903,-81,5.5,RANGE_TEST_APP
2026-09-06T19:58:19.933617,!f96f5903,-86,5.75,NODEINFO_APP
2026-09-06T19:58:22.351915,!05c8b12b,-81,6.25,NODEINFO_APP
2026-09-06T19:58:26.327474,!05c8b12b,-80,5.75,RANGE_TEST_APP
2026-09-06T19:58:28.039590,!d1da85e4,-74,5.75,RANGE_TEST_APP
2026-09-06T19:58:30.893200,!f96f5903,-85,6.5,RANGE_TEST_APP
2026-09-06T19:58:40.171775,!d1da85e4,-77,5.5,RANGE_TEST_APP
2026-09-06T19:58:41.072185,!05c8b12b,-78,6.0,RANGE_TEST_APP
2026-09-06T19:58:45.164128,!cae6820e,-75,6.5,RANGE_TEST_APP
2026-09-06T19:58:46.121450,!f96f5903,-92,5.5,RANGE_TEST_APP
2026-09-06T19:58:54.730779,!d1da85e4,-73,6.0,RANGE_TEST_APP
2026-09-06T19:58:55.752528,!05c8b12b,-97,5.0,RANGE_TEST_APP
2026-09-06T19:59:00.302159,!cae6820e,-75,6.25,RANGE_TEST_APP
2026-09-06T19:59:01.118640,!f96f5903,-83,6.25,RANGE_TEST_APP
2026-09-06T19:59:09.870692,!d1da85e4,-74,6.75,RANGE_TEST_APP
2026-09-06T19:59:11.438955,!05c8b12b,-92,5.5,RANGE_TEST_APP
2026-09-06T19:59:15.157065,!cae6820e,-79,6.25,RANGE_TEST_APP
2026-09-06T19:59:16.052960,!f96f5903,-83,6.75,RANGE_TEST_APP
2026-09-06T19:59:25.160937,!d1da85e4,-73,6.25,RANGE_TEST_APP
2026-09-06T19:59:25.977001,!05c8b12b,-79,6.25,RANGE_TEST_APP
2026-09-06T19:59:30.243474,!cae6820e,-82,5.5,RANGE_TEST_APP
2026-09-06T19:59:31.161969,!f96f5903,-91,3.75,RANGE_TEST_APP
2026-09-06T19:59:40.086572,!d1da85e4,-77,6.25,RANGE_TEST_APP
2026-09-06T19:59:41.260585,!05c8b12b,-78,6.0,RANGE_TEST_APP
2026-09-06T19:59:45.507141,!cae6820e,-75,6.25,RANGE_TEST_APP
2026-09-06T19:59:46.504633,!f96f5903,-83,6.0,RANGE_TEST_APP
2026-09-06T19:59:55.090613,!d1da85e4,-80,7.0,RANGE_TEST_APP
2026-09-06T19:59:56.165376,!05c8b12b,-77,6.0,RANGE_TEST_APP
2026-09-06T20:00:00.507263,!cae6820e,-79,5.5,RANGE_TEST_APP
2026-09-06T20:00:01.450981,!f96f5903,-87,6.25,RANGE_TEST_APP
2026-09-06T20:00:10.183063,!d1da85e4,-70,5.75,RANGE_TEST_APP
2026-09-06T20:00:11.417399,!05c8b12b,-82,6.0,RANGE_TEST_APP
2026-09-06T20:00:15.608905,!cae6820e,-74,5.5,RANGE_TEST_APP
2026-09-06T20:00:16.548575,!f96f5903,-84,6.25,RANGE_TEST_APP
2026-09-06T20:00:25.246171,!d1da85e4,-73,6.0,RANGE_TEST_APP
2026-09-06T20:00:26.486495,!05c8b12b,-77,6.25,RANGE_TEST_APP
2026-09-06T20:00:30.756191,!cae6820e,-81,5.5,RANGE_TEST_APP
2026-09-06T20:00:31.819976,!f96f5903,-78,6.5,RANGE_TEST_APP
2026-09-06T20:00:40.673638,!d1da85e4,-89,5.25,RANGE_TEST_APP
2026-09-06T20:00:41.565668,!05c8b12b,-93,5.0,RANGE_TEST_APP
2026-09-06T20:00:45.895824,!cae6820e,-91,5.75,RANGE_TEST_APP
2026-09-06T20:00:46.824331,!f96f5903,-84,6.0,RANGE_TEST_APP
2026-09-06T20:00:55.384248,!d1da85e4,-73,6.0,RANGE_TEST_APP
2026-09-06T20:00:56.701219,!05c8b12b,-65,6.0,RANGE_TEST_APP
2026-09-06T20:01:00.989424,!cae6820e,-66,6.25,RANGE_TEST_APP
2026-09-06T20:01:02.005415,!f96f5903,-92,5.25,RANGE_TEST_APP
2026-09-06T20:01:10.672631,!d1da85e4,-78,6.0,RANGE_TEST_APP
2026-09-06T20:01:11.722520,!05c8b12b,-83,5.75,RANGE_TEST_APP
2026-09-06T20:01:16.386715,!cae6820e,-66,6.25,RANGE_TEST_APP
2026-09-06T20:01:17.089550,!f96f5903,-98,4.5,RANGE_TEST_APP
2026-09-06T20:01:25.775006,!d1da85e4,-77,6.25,RANGE_TEST_APP
2026-09-06T20:01:26.948199,!05c8b12b,-69,6.5,RANGE_TEST_APP
2026-09-06T20:01:31.160672,!cae6820e,-72,6.25,RANGE_TEST_APP
2026-09-06T20:01:32.241555,!f96f5903,-96,4.5,RANGE_TEST_APP
2026-09-06T20:01:40.684034,!d1da85e4,-79,6.0,RANGE_TEST_APP
2026-09-06T20:01:41.973064,!05c8b12b,-68,6.25,RANGE_TEST_APP
2026-09-06T20:01:46.237824,!cae6820e,-72,6.5,RANGE_TEST_APP
2026-09-06T20:01:47.177768,!f96f5903,-92,5.75,RANGE_TEST_APP
2026-09-06T20:01:56.378697,!d1da85e4,-76,6.0,RANGE_TEST_APP
2026-09-06T20:01:57.173334,!05c8b12b,-69,6.25,RANGE_TEST_APP
2026-09-06T20:02:01.307376,!cae6820e,-70,6.25,RANGE_TEST_APP
2026-09-06T20:02:02.456589,!f96f5903,-98,6.0,RANGE_TEST_APP
2026-09-06T20:02:10.947972,!d1da85e4,-82,5.5,RANGE_TEST_APP
2026-09-06T20:02:12.402016,!05c8b12b,-74,6.0,RANGE_TEST_APP
2026-09-06T20:02:16.387646,!cae6820e,-67,5.75,RANGE_TEST_APP
2026-09-06T20:02:17.391979,!f96f5903,-93,5.25,RANGE_TEST_APP
2026-09-06T20:02:26.108977,!d1da85e4,-80,6.0,RANGE_TEST_APP
2026-09-06T20:02:27.607435,!05c8b12b,-79,6.0,RANGE_TEST_APP
2026-09-06T20:02:31.673977,!cae6820e,-72,6.75,RANGE_TEST_APP
2026-09-06T20:02:32.725443,!f96f5903,-88,6.0,RANGE_TEST_APP
2026-09-06T20:02:41.196831,!d1da85e4,-74,5.75,RANGE_TEST_APP
2026-09-06T20:02:42.538587,!05c8b12b,-62,6.25,RANGE_TEST_APP
2026-09-06T20:02:46.623313,!cae6820e,-72,6.0,RANGE_TEST_APP
2026-09-06T20:02:47.584304,!f96f5903,-83,6.25,RANGE_TEST_APP
2026-09-06T20:02:52.135954,!d1da85e4,-78,5.5,NODEINFO_APP
2026-09-06T20:02:56.370763,!d1da85e4,-79,6.25,RANGE_TEST_APP
2026-09-06T20:02:57.788744,!05c8b12b,-74,6.25,RANGE_TEST_APP
2026-09-06T20:03:01.695290,!cae6820e,-69,6.0,RANGE_TEST_APP
2026-09-06T20:03:02.792970,!f96f5903,-82,6.0,RANGE_TEST_APP
2026-09-06T20:03:12.193355,!d1da85e4,-87,4.5,RANGE_TEST_APP
2026-09-06T20:03:12.895494,!05c8b12b,-68,5.75,RANGE_TEST_APP
2026-09-06T20:03:16.836825,!cae6820e,-76,6.0,RANGE_TEST_APP
2026-09-06T20:03:17.815279,!f96f5903,-91,4.5,RANGE_TEST_APP
2026-09-06T20:03:26.726352,!d1da85e4,-94,-0.75,RANGE_TEST_APP
2026-09-06T20:03:27.796903,!05c8b12b,-70,6.25,RANGE_TEST_APP
2026-09-06T20:03:32.159924,!cae6820e,-67,6.0,RANGE_TEST_APP
2026-09-06T20:03:33.014028,!f96f5903,-93,5.0,RANGE_TEST_APP
2026-09-06T20:03:41.747929,!d1da85e4,-89,4.75,RANGE_TEST_APP
2026-09-06T20:03:42.905966,!05c8b12b,-68,5.75,RANGE_TEST_APP
2026-09-06T20:03:48.153817,!f96f5903,-91,5.25,RANGE_TEST_APP
2026-09-06T20:03:51.055939,!cae6820e,-71,5.75,RANGE_TEST_APP
2026-09-06T20:03:56.709373,!d1da85e4,-83,5.0,RANGE_TEST_APP
2026-09-06T20:03:58.036139,!05c8b12b,-69,6.25,RANGE_TEST_APP
2026-09-06T20:04:02.857639,!cae6820e,-69,6.25,RANGE_TEST_APP
2026-09-06T20:04:03.524804,!f96f5903,-88,6.0,RANGE_TEST_APP
2026-09-06T20:04:11.896730,!d1da85e4,-78,6.0,RANGE_TEST_APP
2026-09-06T20:04:13.116901,!05c8b12b,-77,5.75,RANGE_TEST_APP
2026-09-06T20:04:17.293059,!cae6820e,-71,5.5,RANGE_TEST_APP
2026-09-06T20:04:18.368367,!f96f5903,-88,5.0,RANGE_TEST_APP
2026-09-06T20:04:27.108799,!d1da85e4,-76,6.0,RANGE_TEST_APP
2026-09-06T20:04:28.361027,!05c8b12b,-72,7.0,RANGE_TEST_APP
2026-09-06T20:04:32.758836,!cae6820e,-74,6.0,RANGE_TEST_APP
2026-09-06T20:04:33.502901,!f96f5903,-85,6.0,RANGE_TEST_APP
2026-09-06T20:04:42.084878,!d1da85e4,-78,5.75,RANGE_TEST_APP
2026-09-06T20:04:43.541076,!05c8b12b,-74,5.5,RANGE_TEST_APP
2026-09-06T20:04:47.582306,!cae6820e,-73,6.25,RANGE_TEST_APP
2026-09-06T20:04:48.656243,!f96f5903,-85,6.0,RANGE_TEST_APP
2026-09-06T20:04:57.099952,!d1da85e4,-76,5.75,RANGE_TEST_APP
2026-09-06T20:04:58.546777,!05c8b12b,-70,6.0,RANGE_TEST_APP
2026-09-06T20:05:02.509978,!cae6820e,-70,6.25,RANGE_TEST_APP
2026-09-06T20:05:03.569463,!f96f5903,-89,5.75,RANGE_TEST_APP
2026-09-06T20:05:12.179097,!d1da85e4,-81,6.0,RANGE_TEST_APP
2026-09-06T20:05:13.602851,!05c8b12b,-86,5.0,RANGE_TEST_APP
2026-09-06T20:05:17.725328,!cae6820e,-57,6.0,RANGE_TEST_APP
2026-09-06T20:05:18.862331,!f96f5903,-82,4.25,RANGE_TEST_APP
2026-09-06T20:05:27.393454,!d1da85e4,-67,6.0,RANGE_TEST_APP
2026-09-06T20:05:28.702656,!05c8b12b,-78,6.0,RANGE_TEST_APP
2026-09-06T20:05:33.619162,!cae6820e,-73,6.0,RANGE_TEST_APP
2026-09-06T20:05:34.297537,!f96f5903,-81,6.0,RANGE_TEST_APP
2026-09-06T20:08:43.979812,!d1da85e4,-71,6.0,RANGE_TEST_APP
2026-09-06T20:08:45.069609,!05c8b12b,-81,6.25,RANGE_TEST_APP
2026-09-06T20:08:51.006839,!f96f5903,-82,6.25,RANGE_TEST_APP
2026-09-06T20:08:59.089171,!d1da85e4,-70,6.5,RANGE_TEST_APP
2026-09-06T20:09:00.403632,!05c8b12b,-84,6.0,RANGE_TEST_APP
2026-09-06T20:09:04.174273,!cae6820e,-77,6.0,RANGE_TEST_APP
2026-09-06T20:09:06.107373,!f96f5903,-82,6.25,RANGE_TEST_APP
2026-09-06T20:09:14.052764,!d1da85e4,-69,7.0,RANGE_TEST_APP
2026-09-06T20:09:15.367065,!05c8b12b,-82,6.5,RANGE_TEST_APP
2026-09-06T20:09:19.280380,!cae6820e,-83,6.0,RANGE_TEST_APP
2026-09-06T20:09:21.237231,!f96f5903,-83,6.5,RANGE_TEST_APP
2026-09-06T20:09:29.185010,!d1da85e4,-71,6.0,RANGE_TEST_APP
2026-09-06T20:09:30.549422,!05c8b12b,-83,6.5,RANGE_TEST_APP
2026-09-06T20:09:34.277159,!cae6820e,-81,6.5,RANGE_TEST_APP
2026-09-06T20:09:36.241551,!f96f5903,-88,6.5,RANGE_TEST_APP
2026-09-06T20:09:44.120652,!d1da85e4,-68,6.5,RANGE_TEST_APP
2026-09-06T20:09:45.539218,!05c8b12b,-75,6.75,RANGE_TEST_APP
2026-09-06T20:09:49.388052,!cae6820e,-75,6.25,RANGE_TEST_APP
2026-09-06T20:09:51.452948,!f96f5903,-91,5.0,RANGE_TEST_APP
2026-09-06T20:09:59.337758,!d1da85e4,-70,5.75,RANGE_TEST_APP
2026-09-06T20:10:00.705357,!05c8b12b,-78,5.5,RANGE_TEST_APP
2026-09-06T20:10:04.550306,!cae6820e,-79,6.75,RANGE_TEST_APP
2026-09-06T20:10:06.440109,!f96f5903,-88,5.5,RANGE_TEST_APP
2026-09-06T20:10:14.387030,!d1da85e4,-71,5.75,RANGE_TEST_APP
2026-09-06T20:10:15.809267,!05c8b12b,-78,5.75,RANGE_TEST_APP
2026-09-06T20:10:19.539704,!cae6820e,-81,6.0,RANGE_TEST_APP
2026-09-06T20:10:21.713676,!f96f5903,-88,5.75,RANGE_TEST_APP
2026-09-06T20:10:29.438366,!d1da85e4,-70,6.25,RANGE_TEST_APP
2026-09-06T20:10:30.861281,!05c8b12b,-76,5.75,RANGE_TEST_APP
2026-09-06T20:10:36.629539,!cae6820e,-77,6.75,RANGE_TEST_APP
2026-09-06T20:10:37.300602,!f96f5903,-93,6.25,RANGE_TEST_APP
2026-09-06T20:10:44.624658,!d1da85e4,-70,6.25,RANGE_TEST_APP
2026-09-06T20:10:46.184707,!05c8b12b,-82,5.75,RANGE_TEST_APP
2026-09-06T20:10:51.528834,!cae6820e,-77,6.0,RANGE_TEST_APP
2026-09-06T20:10:52.263681,!f96f5903,-96,4.25,RANGE_TEST_APP
2026-09-06T20:10:59.816101,!d1da85e4,-70,6.25,RANGE_TEST_APP
2026-09-06T20:11:01.049258,!05c8b12b,-77,6.5,RANGE_TEST_APP
2026-09-06T20:11:06.762398,!cae6820e,-82,6.25,RANGE_TEST_APP
2026-09-06T20:11:07.443581,!f96f5903,-89,6.0,RANGE_TEST_APP
2026-09-06T20:11:14.810503,!d1da85e4,-72,6.0,RANGE_TEST_APP
2026-09-06T20:11:16.211047,!05c8b12b,-78,6.25,RANGE_TEST_APP
2026-09-06T20:11:21.936504,!f96f5903,-94,5.5,RANGE_TEST_APP
2026-09-06T20:11:23.660610,!cae6820e,-73,6.25,RANGE_TEST_APP
2026-09-06T20:11:30.069845,!d1da85e4,-68,6.25,RANGE_TEST_APP
2026-09-06T20:11:31.372543,!05c8b12b,-76,6.25,RANGE_TEST_APP
2026-09-06T20:11:35.055332,!cae6820e,-74,5.75,RANGE_TEST_APP
2026-09-06T20:11:37.248338,!f96f5903,-88,5.0,RANGE_TEST_APP
2026-09-06T20:11:45.287405,!d1da85e4,-69,5.5,RANGE_TEST_APP
2026-09-06T20:11:46.337267,!05c8b12b,-75,6.0,RANGE_TEST_APP
2026-09-06T20:11:51.782086,!cae6820e,-83,5.5,RANGE_TEST_APP
2026-09-06T20:11:52.725128,!f96f5903,-92,4.25,RANGE_TEST_APP
2026-09-06T20:12:00.090528,!d1da85e4,-71,6.0,RANGE_TEST_APP
2026-09-06T20:12:01.591845,!05c8b12b,-80,6.0,RANGE_TEST_APP
2026-09-06T20:12:06.927333,!cae6820e,-85,5.75,RANGE_TEST_APP
2026-09-06T20:12:07.663037,!f96f5903,-88,5.75,RANGE_TEST_APP
2026-09-06T20:12:15.305793,!d1da85e4,-68,5.75,RANGE_TEST_APP
2026-09-06T20:12:16.587824,!05c8b12b,-82,5.5,RANGE_TEST_APP
2026-09-06T20:12:21.846868,!cae6820e,-76,6.5,RANGE_TEST_APP
2026-09-06T20:12:22.581989,!f96f5903,-86,5.5,RANGE_TEST_APP
2026-09-06T20:12:30.382927,!d1da85e4,-73,5.75,RANGE_TEST_APP
2026-09-06T20:12:31.686421,!05c8b12b,-83,6.75,RANGE_TEST_APP
2026-09-06T20:12:45.392123,!d1da85e4,-73,6.25,RANGE_TEST_APP
2026-09-06T20:12:46.828813,!05c8b12b,-84,6.25,RANGE_TEST_APP
2026-09-06T20:12:51.852324,!cae6820e,-79,5.5,RANGE_TEST_APP
2026-09-06T20:12:52.705624,!f96f5903,-87,5.25,RANGE_TEST_APP
2026-09-06T20:13:00.520222,!d1da85e4,-73,6.0,RANGE_TEST_APP
2026-09-06T20:13:02.039378,!05c8b12b,-85,5.5,RANGE_TEST_APP
2026-09-06T20:14:31.386751,!d1da85e4,-68,5.75,RANGE_TEST_APP
2026-09-06T20:14:32.681453,!05c8b12b,-76,6.5,RANGE_TEST_APP
2026-09-06T20:14:38.318961,!cae6820e,-77,6.0,RANGE_TEST_APP
2026-09-06T20:14:39.061404,!f96f5903,-87,5.5,RANGE_TEST_APP
2026-09-06T20:14:46.245692,!d1da85e4,-68,5.75,RANGE_TEST_APP
2026-09-06T20:14:47.756309,!05c8b12b,-75,5.75,RANGE_TEST_APP
2026-09-06T20:14:52.637643,!cae6820e,-80,6.0,RANGE_TEST_APP
2026-09-06T20:14:53.792689,!f96f5903,-82,6.0,RANGE_TEST_APP
2026-09-06T20:15:01.496204,!d1da85e4,-70,6.25,RANGE_TEST_APP
2026-09-06T20:15:02.751849,!05c8b12b,-80,6.5,RANGE_TEST_APP
2026-09-06T20:15:07.807891,!cae6820e,-77,5.75,RANGE_TEST_APP
2026-09-06T20:15:09.096793,!f96f5903,-84,5.75,RANGE_TEST_APP
2026-09-06T20:15:16.589916,!d1da85e4,-68,7.0,RANGE_TEST_APP
2026-09-06T20:15:17.896888,!05c8b12b,-86,5.0,RANGE_TEST_APP
2026-09-06T20:15:22.819344,!cae6820e,-77,6.0,RANGE_TEST_APP
2026-09-06T20:15:24.056266,!f96f5903,-85,6.25,RANGE_TEST_APP
2026-09-06T20:15:32.054552,!d1da85e4,-68,5.5,RANGE_TEST_APP
2026-09-06T20:15:32.970991,!05c8b12b,-88,5.0,RANGE_TEST_APP
2026-09-06T20:15:38.292317,!cae6820e,-72,5.75,RANGE_TEST_APP
2026-09-06T20:15:39.230078,!f96f5903,-86,6.5,RANGE_TEST_APP
2026-09-06T20:15:46.687374,!d1da85e4,-68,6.0,RANGE_TEST_APP
2026-09-06T20:15:48.159717,!05c8b12b,-79,6.0,RANGE_TEST_APP
2026-09-06T20:15:52.924613,!cae6820e,-74,5.75,RANGE_TEST_APP
2026-09-06T20:15:54.295388,!f96f5903,-86,6.0,RANGE_TEST_APP
2026-09-06T20:16:01.791837,!d1da85e4,-71,5.75,RANGE_TEST_APP
2026-09-06T20:16:03.123452,!05c8b12b,-82,5.75,RANGE_TEST_APP
2026-09-06T20:16:08.302166,!cae6820e,-74,6.5,RANGE_TEST_APP
2026-09-06T20:16:09.408388,!f96f5903,-85,6.25,RANGE_TEST_APP
2026-09-06T20:16:17.060230,!d1da85e4,-70,5.75,RANGE_TEST_APP
2026-09-06T20:16:18.229715,!05c8b12b,-80,6.0,RANGE_TEST_APP
2026-09-06T20:16:23.751836,!cae6820e,-80,5.5,RANGE_TEST_APP
2026-09-06T20:16:24.699026,!f96f5903,-82,5.75,RANGE_TEST_APP
2026-09-06T20:16:32.153210,!d1da85e4,-70,5.75,RANGE_TEST_APP
2026-09-06T20:16:33.532995,!05c8b12b,-80,5.5,RANGE_TEST_APP
2026-09-06T20:16:38.344377,!cae6820e,-71,5.75,RANGE_TEST_APP
2026-09-06T20:16:39.933352,!f96f5903,-85,5.75,RANGE_TEST_APP
2026-09-06T20:16:47.246363,!d1da85e4,-68,6.5,RANGE_TEST_APP
2026-09-06T20:16:48.524647,!05c8b12b,-80,6.0,RANGE_TEST_APP
2026-09-06T20:16:53.808476,!cae6820e,-78,5.5,RANGE_TEST_APP
2026-09-06T20:16:54.866365,!f96f5903,-86,6.25,RANGE_TEST_APP
2026-09-06T20:17:02.183093,!d1da85e4,-69,6.25,RANGE_TEST_APP
2026-09-06T20:17:03.550673,!05c8b12b,-76,5.5,RANGE_TEST_APP
2026-09-06T20:17:08.583046,!cae6820e,-72,5.75,RANGE_TEST_APP
2026-09-06T20:17:09.852816,!f96f5903,-82,5.5,RANGE_TEST_APP
2026-09-06T20:17:17.505708,!d1da85e4,-70,6.0,RANGE_TEST_APP
2026-09-06T20:17:18.713848,!05c8b12b,-77,6.75,RANGE_TEST_APP
2026-09-06T20:17:23.596671,!cae6820e,-72,6.5,RANGE_TEST_APP
2026-09-06T20:17:25.152309,!f96f5903,-82,6.25,RANGE_TEST_APP
2026-09-06T20:17:32.414646,!d1da85e4,-72,6.5,RANGE_TEST_APP
2026-09-06T20:17:33.844227,!05c8b12b,-80,7.25,RANGE_TEST_APP
2026-09-06T20:17:38.726887,!cae6820e,-69,6.25,RANGE_TEST_APP
2026-09-06T20:17:40.115436,!f96f5903,-81,6.25,RANGE_TEST_APP
2026-09-06T20:17:47.524276,!d1da85e4,-75,6.0,RANGE_TEST_APP
2026-09-06T20:17:49.010718,!05c8b12b,-77,6.0,RANGE_TEST_APP
2026-09-06T20:17:54.169812,!cae6820e,-74,6.5,RANGE_TEST_APP
2026-09-06T20:17:55.342868,!f96f5903,-84,6.0,RANGE_TEST_APP
2026-09-06T20:18:02.678505,!d1da85e4,-67,6.25,RANGE_TEST_APP
2026-09-06T20:18:04.090104,!05c8b12b,-75,6.75,RANGE_TEST_APP
2026-09-06T20:18:08.911795,!cae6820e,-73,5.75,RANGE_TEST_APP
2026-09-06T20:18:10.409358,!f96f5903,-83,5.75,RANGE_TEST_APP
2026-09-06T20:19:39.631387,!cae6820e,-82,5.5,RANGE_TEST_APP
2026-09-06T20:19:40.928466,!f96f5903,-88,5.5,RANGE_TEST_APP
2026-09-06T20:19:48.478815,!d1da85e4,-68,6.5,RANGE_TEST_APP
2026-09-06T20:19:49.833222,!05c8b12b,-92,4.25,RANGE_TEST_APP
2026-09-06T20:19:54.851071,!cae6820e,-78,6.0,RANGE_TEST_APP
2026-09-06T20:19:56.191549,!f96f5903,-95,4.75,RANGE_TEST_APP
2026-09-06T20:20:03.597190,!d1da85e4,-69,6.25,RANGE_TEST_APP
2026-09-06T20:20:04.964448,!05c8b12b,-76,5.75,RANGE_TEST_APP
2026-09-06T20:20:09.696131,!cae6820e,-75,6.0,RANGE_TEST_APP
2026-09-06T20:20:11.194704,!f96f5903,-94,4.25,RANGE_TEST_APP
2026-09-06T20:20:18.620848,!d1da85e4,-69,6.0,RANGE_TEST_APP
2026-09-06T20:20:20.064889,!05c8b12b,-80,5.75,RANGE_TEST_APP
2026-09-06T20:20:25.569327,!cae6820e,-78,5.75,RANGE_TEST_APP
2026-09-06T20:20:26.462842,!f96f5903,-87,5.25,RANGE_TEST_APP
2026-09-06T20:20:33.860090,!d1da85e4,-74,6.25,RANGE_TEST_APP
2026-09-06T20:20:35.131891,!05c8b12b,-87,5.25,RANGE_TEST_APP
2026-09-06T20:20:40.233439,!cae6820e,-85,5.5,RANGE_TEST_APP
2026-09-06T20:20:41.660370,!f96f5903,-88,6.0,RANGE_TEST_APP
2026-09-06T20:20:48.729978,!d1da85e4,-74,6.75,RANGE_TEST_APP
2026-09-06T20:20:55.445982,!cae6820e,-78,5.75,RANGE_TEST_APP
2026-09-06T20:20:56.857946,!f96f5903,-89,5.25,RANGE_TEST_APP
2026-09-06T20:21:03.967792,!d1da85e4,-70,6.0,RANGE_TEST_APP
2026-09-06T20:21:05.337094,!05c8b12b,-81,5.75,RANGE_TEST_APP
2026-09-06T20:21:10.158573,!cae6820e,-79,5.75,RANGE_TEST_APP
2026-09-06T20:21:19.088806,!d1da85e4,-82,5.5,RANGE_TEST_APP
2026-09-06T20:21:20.365579,!05c8b12b,-88,5.25,RANGE_TEST_APP
2026-09-06T20:21:25.473771,!cae6820e,-80,6.0,RANGE_TEST_APP
2026-09-06T20:21:26.935967,!f96f5903,-96,2.75,RANGE_TEST_APP
2026-09-06T20:21:34.505725,!d1da85e4,-79,6.0,RANGE_TEST_APP
2026-09-06T20:21:35.693932,!05c8b12b,-83,5.5,RANGE_TEST_APP
2026-09-06T20:21:40.748715,!cae6820e,-84,6.5,RANGE_TEST_APP
2026-09-06T20:21:42.092517,!f96f5903,-90,4.75,RANGE_TEST_APP
2026-09-06T20:21:49.343593,!d1da85e4,-75,5.5,RANGE_TEST_APP
2026-09-06T20:21:50.653845,!05c8b12b,-94,3.5,RANGE_TEST_APP
2026-09-06T20:21:55.503711,!cae6820e,-97,4.25,RANGE_TEST_APP
2026-09-06T20:21:57.212522,!f96f5903,-94,5.25,RANGE_TEST_APP
2026-09-06T20:22:04.307507,!d1da85e4,-75,6.0,RANGE_TEST_APP
2026-09-06T20:22:05.852699,!05c8b12b,-92,5.25,RANGE_TEST_APP
2026-09-06T20:22:10.619243,!cae6820e,-84,5.5,RANGE_TEST_APP
2026-09-06T20:22:12.143756,!f96f5903,-95,5.5,RANGE_TEST_APP
2026-09-06T20:22:19.409667,!d1da85e4,-76,6.25,RANGE_TEST_APP
2026-09-06T20:22:20.951185,!05c8b12b,-87,4.75,RANGE_TEST_APP
2026-09-06T20:22:25.647942,!cae6820e,-77,6.25,RANGE_TEST_APP
2026-09-06T20:22:27.361584,!f96f5903,-91,5.0,RANGE_TEST_APP
2026-09-06T20:22:34.595422,!d1da85e4,-72,7.0,RANGE_TEST_APP
2026-09-06T20:22:35.983176,!05c8b12b,-84,5.25,RANGE_TEST_APP
2026-09-06T20:22:41.101699,!cae6820e,-97,4.0,RANGE_TEST_APP
2026-09-06T20:22:42.440338,!f96f5903,-92,5.25,RANGE_TEST_APP
